<XUIClassExtension version="0001">
 <XUIClass Name="XuiDivider1" BaseClassName="XuiElement" Icon="Images/blank.bmp" Description="Divider">
 </XUIClass>
 <XUIClass Name="XuiDivider2" BaseClassName="XuiElement" Icon="Images/blank.bmp" Description="Divider">
 </XUIClass>
 <XUIClass Name="GuideDashCommandNavButton" BaseClassName="XamNavButton" Icon="Images/GuideDashCommandNavButton.bmp" Description="GuideDashCommandNavButton">
  <PropDef Name="DashCommand" Type="integer"><DefaultVal>0</DefaultVal></PropDef>
 </XUIClass>
 <XUIClass Name="AccountManagementNavButton" BaseClassName="GuideDashCommandNavButton" Icon="Images/AccountManagementNavButton.bmp" Description="AccountManagementNavButton">
 </XUIClass>
 <XUIClass Name="AvatarEditorNavButton" BaseClassName="XuiNavButton">
  <PropDef Name="EntryPoint" Type="string"><DefaultVal></DefaultVal></PropDef>
 </XUIClass> 
 <XUIClass Name="GuideMainSceneNavButton" BaseClassName="XamNavButton" Icon="Images/GuideMainSceneNavButton.bmp" Description="GuideMainSceneNavButton">
  <PropDef Name="MainScenePressPath" Type="string"><DefaultVal></DefaultVal></PropDef>
 </XUIClass>
 <XUIClass Name="HUDScene" BaseClassName="XamScene" Icon="Images/HUDScene.bmp" Description="HUDScene">
  <PropDef Editor="HudOpenTypeEditor" Name="OpenType" Type="unsigned"><DefaultVal>0</DefaultVal></PropDef>
  <PropDef Name="LegendA" Type="string"><DefaultVal></DefaultVal></PropDef>
  <PropDef Name="LegendB" Type="string"><DefaultVal></DefaultVal></PropDef>
  <PropDef Name="LegendX" Type="string"><DefaultVal></DefaultVal></PropDef>
  <PropDef Name="LegendY" Type="string"><DefaultVal></DefaultVal></PropDef>
  <PropDef Name="ShowGamerInfo" Type="bool"></PropDef>
 </XUIClass>
 <XUIClass Name="ScriptActionNavButton" BaseClassName="XamNavButton" Icon="Images/ScriptActionNavButton.bmp" Description="ScriptActionNavButton">
  <PropDef Name="Param" Type="string"><DefaultVal></DefaultVal></PropDef>
  <PropDef Name="Param2" Type="string"><DefaultVal></DefaultVal></PropDef>
  <PropDef Name="Param3" Type="string"><DefaultVal></DefaultVal></PropDef>
  <PropDef Name="Param4" Type="string"><DefaultVal></DefaultVal></PropDef>
  <PropDef Name="Param5" Type="string"><DefaultVal></DefaultVal></PropDef>
  <PropDef Name="Param6" Type="string"><DefaultVal></DefaultVal></PropDef>
 </XUIClass>
 <XUIClass Name="XuiGuideNavButton" BaseClassName="XamNavButton" Icon="Images/blank.bmp" Description="XuiGuideNavButton">
  <PropDef Name="CommandId" Type="integer"><DefaultVal>0</DefaultVal></PropDef>
  <PropDef Name="MainImagePath" Type="string"><DefaultVal></DefaultVal></PropDef>
 </XUIClass> 
</XUIClassExtension>
