<XUIClassExtension version="0001">
 <XUIClass Name="XamElement" BaseClassName="XuiElement" Icon="Images/blank.bmp" Description="XamElement">
  <PropDef Name="GripTarget" Type="bool"></PropDef>
  <PropDef Name="Hittable" Type="bool"></PropDef>
  <PropDef Name="LayoutLineBreak" Type="bool"></PropDef>
  <PropDef Name="LayoutFloat" Type="bool"><DefaultVal>false</DefaultVal></PropDef>
  <PropDef Name="Column" Type="unsigned"><DefaultVal>0</DefaultVal></PropDef>
  <PropDef Name="Row" Type="unsigned"><DefaultVal>0</DefaultVal></PropDef>
  <PropDef Name="ColumnSpan" Type="unsigned"><DefaultVal>1</DefaultVal></PropDef>
  <PropDef Name="RowSpan" Type="unsigned"><DefaultVal>1</DefaultVal></PropDef>
  <PropDef Name="ColorFactor" Type="color"><DefaultVal>0xffffffff</DefaultVal></PropDef>
  <PropDef Name="CenterPivot" Type="bool"></PropDef>
 </XUIClass>
 <XUIClass Name="XamContainer" BaseClassName="XuiGroup" Icon="Images/blank.bmp" Description="XamContainer">
  <PropDef Name="GripTarget" Type="bool"></PropDef>
  <PropDef Name="Hittable" Type="bool"></PropDef>
  <PropDef Name="LayoutLineBreak" Type="bool"></PropDef>
  <PropDef Name="LayoutFloat" Type="bool"><DefaultVal>false</DefaultVal></PropDef>
  <PropDef Name="Column" Type="unsigned"><DefaultVal>0</DefaultVal></PropDef>
  <PropDef Name="Row" Type="unsigned"><DefaultVal>0</DefaultVal></PropDef>
  <PropDef Name="ColumnSpan" Type="unsigned"><DefaultVal>1</DefaultVal></PropDef>
  <PropDef Name="RowSpan" Type="unsigned"><DefaultVal>1</DefaultVal></PropDef>
  <PropDef Name="ColorFactor" Type="color"><DefaultVal>0xffffffff</DefaultVal></PropDef>
  <PropDef Name="CenterPivot" Type="bool"></PropDef>
  <PropDef Name="ClassOverride" Type="string"><DefaultVal></DefaultVal></PropDef>
  <PropDef Editor="VisualNameEditor" Name="Visual" Type="string"><DefaultVal></DefaultVal></PropDef>
  <PropDef Name="Enabled" Type="bool"></PropDef>
  <PropDef Name="UnfocusedInput" Type="bool"></PropDef>
  <PropDef Editor="ElementIdPickerEditor(1)" Name="NavLeft" Type="string"><DefaultVal></DefaultVal></PropDef>
  <PropDef Editor="ElementIdPickerEditor(1)" Name="NavRight" Type="string"><DefaultVal></DefaultVal></PropDef>
  <PropDef Editor="ElementIdPickerEditor(1)" Name="NavUp" Type="string"><DefaultVal></DefaultVal></PropDef>
  <PropDef Editor="ElementIdPickerEditor(1)" Name="NavDown" Type="string"><DefaultVal></DefaultVal></PropDef>
  <PropDef Editor="ElementIdPickerEditor(1)" Name="NavTabForward" Type="string"><DefaultVal></DefaultVal></PropDef>
  <PropDef Editor="ElementIdPickerEditor(1)" Name="NavTabBackward" Type="string"><DefaultVal></DefaultVal></PropDef>
  <PropDef Editor="TextEditor" Name="Text" Type="string"><DefaultVal></DefaultVal></PropDef>
  <PropDef Name="PointSize" Type="float"><DefaultVal>-1.000000</DefaultVal></PropDef>
  <PropDef Editor="FilePathEditor(0)" Name="ImagePath" Type="string"><DefaultVal></DefaultVal></PropDef>
  <PropDef Name="HasContextMenu" Type="bool"></PropDef>
  <PropDef Name="SizeToText" Type="bool"></PropDef>
  <PropDef Name="UseNuiAsMouse" Type="bool"></PropDef>
  <PropDef Name="AutoId" Type="string"><DefaultVal></DefaultVal></PropDef>
  <PropDef Name="HoverSelectTimer" Type="float"><DefaultVal>1.750000</DefaultVal></PropDef>
  <PropDef Name="QuickInput" Type="bool"></PropDef>
 </XUIClass>
 <XUIClass Name="XamCanvas" BaseClassName="XamElement" Icon="Images/XamCanvas.bmp" Description="XamCanvas">
 </XUIClass>
 <XUIClass Name="XamGroup" BaseClassName="XamContainer" Icon="Images/XamGroup.bmp" Description="XamGroup">
 </XUIClass>
 <XUIClass Name="XamScene" BaseClassName="XamContainer" Icon="Images/XamScene.bmp" Description="XamScene">
  <PropDef Editor="ElementIdPickerEditor(0)" Name="DefaultFocus" Type="string"><DefaultVal></DefaultVal></PropDef>
  <PropDef Editor="VisualNameEditor" Name="TransFrom" Type="string"><DefaultVal></DefaultVal></PropDef>
  <PropDef Editor="VisualNameEditor" Name="TransTo" Type="string"><DefaultVal></DefaultVal></PropDef>
  <PropDef Editor="VisualNameEditor" Name="TransBackFrom" Type="string"><DefaultVal></DefaultVal></PropDef>
  <PropDef Editor="VisualNameEditor" Name="TransBackTo" Type="string"><DefaultVal></DefaultVal></PropDef>
  <PropDef Editor="InterruptTransitionsEditor" Name="InterruptTransitions" Type="unsigned"><DefaultVal>0</DefaultVal></PropDef>
  <PropDef Name="IgnorePresses" Type="bool"></PropDef>
  <PropDef Name="RecurseTransitions" Type="bool"></PropDef>
 </XUIClass>
 <XUIClass Name="XamTabScene" BaseClassName="XamScene" Icon="Images/XamTabScene.bmp" Description="XamTabScene">
  <PropDef Name="TabCount" Type="unsigned"><DefaultVal>1</DefaultVal></PropDef>
  <PropDef Name="Wrap" Type="bool"><DefaultVal>false</DefaultVal></PropDef>
  <PropDef Name="UserInterrupt" Type="bool"><DefaultVal>false</DefaultVal></PropDef>
  <PropDef Name="VerticalTabs" Type="bool"></PropDef>
  <PropDef Name="NoAutoHide" Type="bool"></PropDef>
  <PropDef Name="DefaultTab" Type="unsigned"><DefaultVal>1</DefaultVal></PropDef>
 </XUIClass>
 <XUIClass Name="XamPerspectiveScene" BaseClassName="XamScene" Icon="Images/XamPerspectiveScene.bmp" Description="XamPerspectiveScene">
  <PropDef Name="ProjectionScale" Type="float"><DefaultVal>1.000000</DefaultVal></PropDef>
  <PropDef Name="ProjectionCenterU" Type="float"><DefaultVal>0.500000</DefaultVal></PropDef>
  <PropDef Name="ProjectionCenterV" Type="float"><DefaultVal>0.500000</DefaultVal></PropDef>
 </XUIClass>
 <XUIClass Name="XamControl" BaseClassName="XamElement" Icon="Images/XamControl.bmp" Description="XamControl">
  <PropDef Name="ClassOverride" Type="string"><DefaultVal></DefaultVal></PropDef>
  <PropDef Editor="VisualNameEditor" Name="Visual" Type="string"><DefaultVal></DefaultVal></PropDef>
  <PropDef Name="Enabled" Type="bool"></PropDef>
  <PropDef Name="UnfocusedInput" Type="bool"></PropDef>
  <PropDef Editor="ElementIdPickerEditor(1)" Name="NavLeft" Type="string"><DefaultVal></DefaultVal></PropDef>
  <PropDef Editor="ElementIdPickerEditor(1)" Name="NavRight" Type="string"><DefaultVal></DefaultVal></PropDef>
  <PropDef Editor="ElementIdPickerEditor(1)" Name="NavUp" Type="string"><DefaultVal></DefaultVal></PropDef>
  <PropDef Editor="ElementIdPickerEditor(1)" Name="NavDown" Type="string"><DefaultVal></DefaultVal></PropDef>
  <PropDef Editor="ElementIdPickerEditor(1)" Name="NavTabForward" Type="string"><DefaultVal></DefaultVal></PropDef>
  <PropDef Editor="ElementIdPickerEditor(1)" Name="NavTabBackward" Type="string"><DefaultVal></DefaultVal></PropDef>
  <PropDef Editor="TextEditor" Name="Text" Type="string"><DefaultVal></DefaultVal></PropDef>
  <PropDef Name="PointSize" Type="float"><DefaultVal>-1.000000</DefaultVal></PropDef>
  <PropDef Editor="FilePathEditor(0)" Name="ImagePath" Type="string"><DefaultVal></DefaultVal></PropDef>
  <PropDef Name="HasContextMenu" Type="bool"></PropDef>
  <PropDef Name="SizeToText" Type="bool"></PropDef>
  <PropDef Name="UseNuiAsMouse" Type="bool"></PropDef>
  <PropDef Name="AutoId" Type="string"><DefaultVal></DefaultVal></PropDef>
  <PropDef Name="HoverSelectTimer" Type="float"><DefaultVal>1.750000</DefaultVal></PropDef>
  <PropDef Name="QuickInput" Type="bool"></PropDef>
 </XUIClass>
 <XUIClass Name="XamLabel" BaseClassName="XamControl" Icon="Images/XamLabel.bmp" Description="XamLabel">
  <PropDef Name="MaxFlowLines" Type="unsigned"><DefaultVal>0</DefaultVal></PropDef>
 </XUIClass>
 <XUIClass Name="XamEdit" BaseClassName="XamControl" Icon="Images/XamEdit.bmp" Description="XamEdit">
  <PropDef Name="TextLimit" Type="integer"><DefaultVal>65534</DefaultVal></PropDef>
  <PropDef Name="AllowedChars" Type="string"><DefaultVal></DefaultVal></PropDef>
  <PropDef Name="PasswordChar" Type="string"><DefaultVal></DefaultVal></PropDef>
  <PropDef Name="ReadOnly" Type="bool"></PropDef>
  <PropDef Name="Multiline" Type="bool"></PropDef>
  <PropDef Name="SmoothScroll" Type="bool"></PropDef>
 </XUIClass>
 <XUIClass Name="XamButton" BaseClassName="XamControl" Icon="Images/XamButton.bmp" Description="XamButton">
  <PropDef Editor="PressKeyEditor" Name="PressKey" Type="unsigned"><DefaultVal>22592</DefaultVal></PropDef>
  <PropDef Name="PressAnimObject" Type="string"><DefaultVal></DefaultVal></PropDef>
  <PropDef Name="PressAnimStartFrame" Type="string"><DefaultVal></DefaultVal></PropDef>
  <PropDef Name="PressAnimEndFrame" Type="string"><DefaultVal></DefaultVal></PropDef>
  <PropDef Name="FocusAnimObject" Type="string"><DefaultVal></DefaultVal></PropDef>
  <PropDef Name="FocusAnimStartFrame" Type="string"><DefaultVal></DefaultVal></PropDef>
  <PropDef Name="FocusAnimEndFrame" Type="string"><DefaultVal></DefaultVal></PropDef>
 </XUIClass>
 <XUIClass Name="XamBackButton" BaseClassName="XamButton" Icon="Images/XamBackButton.bmp" Description="XamBackButton">
 </XUIClass>
 <XUIClass Name="XamNavButton" BaseClassName="XamButton" Icon="Images/XamNavButton.bmp" Description="XamNavButton">
  <PropDef Editor="FilePathEditor(1)" Name="PressPath" Type="string"><DefaultVal></DefaultVal></PropDef>
  <PropDef Name="StayVisible" Type="bool"></PropDef>
  <PropDef Name="SrcTransIndex" Type="unsigned"><DefaultVal>0</DefaultVal></PropDef>
  <PropDef Name="DestTransIndex" Type="unsigned"><DefaultVal>0</DefaultVal></PropDef>
 </XUIClass>
 <XUIClass Name="XamCheckbox" BaseClassName="XamControl" Icon="Images/XamCheckbox.bmp" Description="XamCheckbox">
  <PropDef Editor="PressKeyEditor" Name="PressKey" Type="unsigned"><DefaultVal>22592</DefaultVal></PropDef> 
 </XUIClass>
 <XUIClass Name="XamRadioButton" BaseClassName="XamControl" Icon="Images/XamRadioButton.bmp" Description="XamRadioButton">
  <PropDef Editor="PressKeyEditor" Name="PressKey" Type="unsigned"><DefaultVal>22592</DefaultVal></PropDef>
 </XUIClass>
 <XUIClass Name="XamProgressBar" BaseClassName="XamControl" Icon="Images/XamProgressBar.bmp" Description="XamProgressBar">
  <PropDef Name="RangeMin" Type="integer"><DefaultVal>0</DefaultVal></PropDef>
  <PropDef Name="RangeMax" Type="integer"><DefaultVal>100</DefaultVal></PropDef>
  <PropDef Name="Value" Type="integer"><DefaultVal>0</DefaultVal></PropDef>
 </XUIClass>
 <XUIClass Name="XamSlider" BaseClassName="XamControl" Icon="Images/XamSlider.bmp" Description="XamSlider">
  <PropDef Name="RangeMin" Type="integer"><DefaultVal>0</DefaultVal></PropDef>
  <PropDef Name="RangeMax" Type="integer"><DefaultVal>100</DefaultVal></PropDef>
  <PropDef Name="Value" Type="integer"><DefaultVal>0</DefaultVal></PropDef>
  <PropDef Name="Step" Type="integer"><DefaultVal>1</DefaultVal></PropDef>
  <PropDef Name="Vertical" Type="bool"><DefaultVal>false</DefaultVal></PropDef>
  <PropDef Name="AccelInc" Type="integer"><DefaultVal>0</DefaultVal></PropDef>
  <PropDef Name="AccelTime" Type="unsigned"><DefaultVal>0</DefaultVal></PropDef>   
 </XUIClass>
 <XUIClass Name="XamList" BaseClassName="XamControl" Icon="Images/XamList.bmp" Description="XamList">
  <PropDef Name="Wrap" Type="bool"><DefaultVal>false</DefaultVal></PropDef>
  <PropDef Name="WrapBump" Type="bool"><DefaultVal>false</DefaultVal></PropDef>
 </XUIClass>
 <XUIClass Name="XamCommonList" BaseClassName="XamList" Icon="Images/XamCommonList.bmp" Description="XamCommonList">
  <PropDef Editor="ListItemsEditor" Name="ItemsText" Type="string"><DefaultVal></DefaultVal></PropDef>
  <PropDef Editor="ListItemsEditor" Name="ItemsImage" Type="string"><DefaultVal></DefaultVal></PropDef>
  <PropDef Editor="ListItemsEditor" Name="ItemsNavPath" Type="string"><DefaultVal></DefaultVal></PropDef>
 </XUIClass>
 <XUIClass Name="XamImage" BaseClassName="XamElement" Icon="Images/XamImage.bmp" Description="XamImage">
  <PropDef Editor="SizeModeEditor" Name="SizeMode" Type="unsigned"><DefaultVal>0</DefaultVal></PropDef>
  <PropDef Editor="FilePathEditor(0)" Name="ImagePath" Type="string"><DefaultVal></DefaultVal></PropDef>
  <PropDef Editor="BrushFlagsEditor" Name="BrushFlags" Type="unsigned"><DefaultVal>0</DefaultVal></PropDef>
  <PropDef Editor="ElementIdPickerEditor(1)" Name="TextureSurfaceElement" Type="string"><DefaultVal></DefaultVal></PropDef>
  <PropDef Name="LoadType" Type="unsigned"><DefaultVal>0</DefaultVal></PropDef>
 </XUIClass>
 <XUIClass Name="XamImagePresenter" BaseClassName="XamElement" Icon="Images/XamImagePresenter.bmp" Description="XamImagePresenter">
  <PropDef Editor="SizeModeEditor" Name="SizeMode" Type="unsigned"><DefaultVal>0</DefaultVal></PropDef>
  <PropDef Name="DataAssociation" Type="unsigned"><DefaultVal>0</DefaultVal></PropDef>
  <PropDef Editor="BrushFlagsEditor" Name="BrushFlags" Type="unsigned"><DefaultVal>0</DefaultVal></PropDef>
  <PropDef Name="LoadType" Type="unsigned"><DefaultVal>0</DefaultVal></PropDef>
 </XUIClass>
 <XUIClass Name="XamText" BaseClassName="XamElement" Icon="Images/XamText.bmp" Description="XamText">
  <PropDef Name="Text" Type="string"><DefaultVal></DefaultVal></PropDef>
  <PropDef Name="TextColor" Type="color"><DefaultVal>0xff000000</DefaultVal></PropDef>
  <PropDef Name="DropShadowColor" Type="color"><DefaultVal>0x80000000</DefaultVal></PropDef>
  <PropDef Name="PointSize" Type="float"><DefaultVal>14.000000</DefaultVal></PropDef>
  <PropDef Name="Font" Type="string"><DefaultVal></DefaultVal></PropDef>
  <PropDef Editor="TextStyleFlagsEditor" Name="TextStyle" Type="unsigned"><DefaultVal>16</DefaultVal></PropDef>
  <PropDef Name="LineSpacingAdjust" Type="integer"><DefaultVal>0</DefaultVal></PropDef>
  <PropDef Name="TextScale" Type="float"><DefaultVal>0.0</DefaultVal></PropDef>
 </XUIClass>
 <XUIClass Name="XamTextPresenter" BaseClassName="XamElement" Icon="Images/XamTextPresenter.bmp" Description="XamTextPresenter">
  <PropDef Name="TextColor" Type="color"><DefaultVal>0xff000000</DefaultVal></PropDef>
  <PropDef Name="DropShadowColor" Type="color"><DefaultVal>0x80000000</DefaultVal></PropDef>
  <PropDef Name="PointSize" Type="float"><DefaultVal>14.000000</DefaultVal></PropDef>
  <PropDef Name="Font" Type="string"><DefaultVal></DefaultVal></PropDef>
  <PropDef Editor="TextStyleFlagsEditor" Name="TextStyle" Type="unsigned"><DefaultVal>16</DefaultVal></PropDef>
  <PropDef Name="LineSpacingAdjust" Type="integer"><DefaultVal>0</DefaultVal></PropDef>
  <PropDef Name="DataAssociation" Type="unsigned"><DefaultVal>0</DefaultVal></PropDef>
  <PropDef Name="TextScale" Type="float"><DefaultVal>1.000000</DefaultVal></PropDef>
 </XUIClass>
 <XUIClass Name="XamNineGrid" BaseClassName="XamElement" Icon="Images/XamNineGrid.bmp" Description="XamNineGrid">
  <PropDef Editor="FilePathEditor(0)" Name="TextureFileName" Type="string"><DefaultVal></DefaultVal></PropDef>
  <PropDef Name="LeftOffset" Type="unsigned"><DefaultVal>0</DefaultVal></PropDef>
  <PropDef Name="TopOffset" Type="unsigned"><DefaultVal>0</DefaultVal></PropDef>
  <PropDef Name="RightOffset" Type="unsigned"><DefaultVal>0</DefaultVal></PropDef>
  <PropDef Name="BottomOffset" Type="unsigned"><DefaultVal>0</DefaultVal></PropDef>
  <PropDef Name="NoCenter" Type="bool"></PropDef>
 </XUIClass>
 <XUIClass Name="XamRadioGroup" BaseClassName="XamControl" Icon="Images/XamRadioGroup.bmp" Description="XamRadioGroup">
 </XUIClass>
 <XUIClass Name="XamScrollEnd" BaseClassName="XamControl" Icon="Images/XamScrollEnd.bmp" Description="XamScrollEnd">
  <PropDef Editor="ScrollendDirectionEditor" Name="Direction" Type="unsigned"><DefaultVal>0</DefaultVal></PropDef>
 </XUIClass>
 <XUIClass Name="XamSound" BaseClassName="XamElement" Icon="Images/XamSound.bmp" Description="XamSound">
  <PropDef Name="State" Type="unsigned"><DefaultVal>2</DefaultVal></PropDef>
  <PropDef Name="Loop" Type="bool"><DefaultVal>false</DefaultVal></PropDef>
  <PropDef Name="Finish" Type="bool"></PropDef>
  <PropDef Name="Volume" Type="float"><DefaultVal>-12.000000</DefaultVal></PropDef>
 </XUIClass>
 <XUIClass Name="XamSoundXAudio" BaseClassName="XamSound" Icon="Images/XamSoundXAudio.bmp" Description="XamSoundXAudio">
  <PropDef Editor="FilePathEditor(2)" Name="File" Type="string"><DefaultVal></DefaultVal></PropDef>
 </XUIClass>
 <XUIClass Name="XamVisual" BaseClassName="XuiVisual" Icon="Images/XamVisual.bmp" Description="XamVisual">
  <PropDef Name="GripTarget" Type="bool"></PropDef>
  <PropDef Name="Hittable" Type="bool"></PropDef>
  <PropDef Name="LayoutLineBreak" Type="bool"></PropDef>
  <PropDef Name="LayoutFloat" Type="bool"><DefaultVal>false</DefaultVal></PropDef>
  <PropDef Name="Column" Type="unsigned"><DefaultVal>0</DefaultVal></PropDef>
  <PropDef Name="Row" Type="unsigned"><DefaultVal>0</DefaultVal></PropDef>
  <PropDef Name="ColumnSpan" Type="unsigned"><DefaultVal>1</DefaultVal></PropDef>
  <PropDef Name="RowSpan" Type="unsigned"><DefaultVal>1</DefaultVal></PropDef>
  <PropDef Name="ColorFactor" Type="color"><DefaultVal>0xffffffff</DefaultVal></PropDef>
  <PropDef Name="CenterPivot" Type="bool"></PropDef> 
 </XUIClass>
 <XUIClass Name="XamListItem" BaseClassName="XamCheckbox" Icon="Images/XamListItem.bmp" Description="XamListItem">
  <PropDef Editor="ListitemLayoutEditor" Name="Layout" Type="unsigned"><DefaultVal>0</DefaultVal></PropDef>
  <PropDef Name="Checkable" Type="bool"></PropDef>
  <PropDef Editor="Vec2Editor(2)" Name="SelectedSize" Type="vector"><DefaultVal>0.000000,0.000000,0.000000</DefaultVal></PropDef>
  <PropDef Name="KeepSizeUnfocused" Type="bool"></PropDef>
  <PropDef Editor="Vec2Editor(2)" Name="InterItemSpacing" Type="vector"><DefaultVal>0.000000,0.000000,0.000000</DefaultVal></PropDef>
  <PropDef Name="SmoothScroll" Type="bool"></PropDef>
  <PropDef Editor="FloatEditor(3,0.001,0.005)" Name="SmoothScrollBaseSpeed" Type="float"><DefaultVal>180.000000</DefaultVal></PropDef>
  <PropDef Editor="FloatEditor(3,0.001,0.005)" Name="SmoothScrollMaxSpeed" Type="float"><DefaultVal>1080.000000</DefaultVal></PropDef>
  <PropDef Editor="FloatEditor(3,0.001,0.005)" Name="SmoothScrollAcceleration" Type="float"><DefaultVal>3.000000</DefaultVal></PropDef>
 </XUIClass>  
 <XUIClass Name="XamCaret" BaseClassName="XamControl" Icon="Images/XamCaret.bmp" Description="XamCaret">
 </XUIClass>
 <XUIClass Name="XamShader" BaseClassName="XamElement" Icon="Images/XamShader.bmp" Description="XamShader">
  <PropDef Name="Id" Type="string"><DefaultVal></DefaultVal></PropDef>
  <PropDef Editor="FilePathEditor(0)" Name="ShaderFile" Type="string"><DefaultVal></DefaultVal></PropDef>
  <PropDef Editor="FilePathEditor(0)" Name="TextureFileName" Type="string"><DefaultVal></DefaultVal></PropDef>
  <PropDef Editor="ElementIdPickerEditor(1)" Name="TextureSurfaceElement" Type="string"><DefaultVal></DefaultVal></PropDef>
  <PropDef Name="WrapX" Type="unsigned"><DefaultVal>0</DefaultVal></PropDef>
  <PropDef Name="WrapY" Type="unsigned"><DefaultVal>0</DefaultVal></PropDef>
  <PropDef Name="BrushFlags" Type="unsigned"><DefaultVal>0</DefaultVal></PropDef>
  <PropDef Name="CompositeEdge" Type="float"><DefaultVal>0.000000</DefaultVal></PropDef>
  <PropDef Name="ForceComposite" Type="bool"></PropDef>
  <PropDef Editor="Vec3Editor(2)" Name="EffectParams1" Type="vector"><DefaultVal>0.000000,0.000000,0.000000</DefaultVal></PropDef>
  <PropDef Editor="Vec3Editor(2)" Name="EffectParams2" Type="vector"><DefaultVal>0.000000,0.000000,0.000000</DefaultVal></PropDef>
  <PropDef Editor="Vec3Editor(2)" Name="EffectParams3" Type="vector"><DefaultVal>0.000000,0.000000,0.000000</DefaultVal></PropDef>
  <PropDef Editor="Vec3Editor(2)" Name="EffectParams4" Type="vector"><DefaultVal>0.000000,0.000000,0.000000</DefaultVal></PropDef>
  <PropDef Editor="Vec3Editor(2)" Name="EffectParams5" Type="vector"><DefaultVal>0.000000,0.000000,0.000000</DefaultVal></PropDef>
 </XUIClass>
 <XUIClass Name="XamGridPanel" BaseClassName="XamContainer" Icon="Images/XamGridPanel.bmp" Description="XamGridPanel">
  <PropDef Name="Columns" Type="string"><DefaultVal></DefaultVal></PropDef>
  <PropDef Name="Rows" Type="string"><DefaultVal></DefaultVal></PropDef>
  <PropDef Name="CellSpacing" Type="float"><DefaultVal>0.000000</DefaultVal></PropDef>
  <PropDef Name="Param0" Type="float"><DefaultVal>0.000000</DefaultVal></PropDef>
  <PropDef Name="Param1" Type="float"><DefaultVal>0.000000</DefaultVal></PropDef>
  <PropDef Name="Param2" Type="float"><DefaultVal>0.000000</DefaultVal></PropDef>
  <PropDef Name="Param3" Type="float"><DefaultVal>0.000000</DefaultVal></PropDef>
 </XUIClass>
 <XUIClass Name="XamTextureSurface" BaseClassName="XamGroup" Icon="Images/XamTextureSurface.bmp" Description="XamTextureSurface">
  <PropDef Name="Offscreen" Type="bool"><DefaultVal>false</DefaultVal></PropDef>
  <PropDef Name="DepthStencil" Type="bool"><DefaultVal>false</DefaultVal></PropDef>
  <PropDef Name="PreRender" Type="bool"></PropDef>
  <PropDef Name="Buffered" Type="bool"></PropDef>
 </XUIClass>
 <XUIClass Name="XamVariable" BaseClassName="XamElement" Icon="Images/XamVariable.bmp" Description="XamVariable">
  <PropDef Name="Id" Type="string"><DefaultVal></DefaultVal></PropDef>
  <PropDef Editor="Vec3Editor(2)" Name="VectorVariable" Type="vector"><DefaultVal>0.000000,0.000000,0.000000</DefaultVal></PropDef>
  <PropDef Name="FloatVariable" Type="float"><DefaultVal>0.000000</DefaultVal></PropDef>
  <PropDef Name="IntegerVariable" Type="integer"><DefaultVal>0</DefaultVal></PropDef>
 </XUIClass>
 <XUIClass Name="XamFigure" BaseClassName="XuiFigure" Icon="Images/XamFigure.bmp" Description="XamFigure">
  <PropDef Name="GripTarget" Type="bool"></PropDef>
  <PropDef Name="Hittable" Type="bool"></PropDef>
  <PropDef Name="LayoutLineBreak" Type="bool"></PropDef>
  <PropDef Name="LayoutFloat" Type="bool"><DefaultVal>false</DefaultVal></PropDef>
  <PropDef Name="Column" Type="unsigned"><DefaultVal>0</DefaultVal></PropDef>
  <PropDef Name="Row" Type="unsigned"><DefaultVal>0</DefaultVal></PropDef>
  <PropDef Name="ColumnSpan" Type="unsigned"><DefaultVal>1</DefaultVal></PropDef>
  <PropDef Name="RowSpan" Type="unsigned"><DefaultVal>1</DefaultVal></PropDef>
  <PropDef Name="ColorFactor" Type="color"><DefaultVal>0xffffffff</DefaultVal></PropDef>
  <PropDef Name="CenterPivot" Type="bool"></PropDef>
 </XUIClass>
 </XUIClassExtension>
